{"cameraMode":{"drawMode":0,"name":"Shaded","section":"Shading Mode"},"sceneLighting":false,"audioPlay":false,"sceneViewState":{"m_AlwaysRefresh":false,"showFog":true,"showSkybox":false,"showFlares":true,"showImageEffects":true,"showParticleSystems":true,"showVisualEffectGraphs":true,"m_FxEnabled":true},"in2DMode":false,"pivot":{"x":470.11932373046877,"y":266.25616455078127,"z":-24.87004280090332},"rotation":{"x":-0.19385553896427155,"y":0.0461844727396965,"z":-0.009136877954006195,"w":-0.9799017310142517},"size":1.2247449159622193,"orthographic":false}